{
  "module": "generator",
  "title": "学生",
  "name": "student",
  "namespace": "slave",
  "mainField": "title",
  "treeModel": false,
  "logic": true,
  "fieldSchema": [
    {
      "title": "姓名",
      "name": "name",
      "type": "STRING",
      "component": "Input",
      "defaultVal": "cxx",
      "require": true,
      "orderNo": 0,
      "rules": [
        {
          "type": "STRING",
          "max": 7,
          "min": 4
        }
      ]
    },
    {
      "title": "年龄",
      "name": "age",
      "type": "INT",
      "component": "InputNumber",
      "defaultVal": 0,
      "require": true,
      "orderNo": 0,
      "rules": []
    },
    {
      "title": "身高",
      "name": "my-height",
      "type": "FLOAT",
      "component": "InputNumber",
      "defaultVal": 1.65,
      "require": false,
      "orderNo": 0,
      "rules": []
    },
    {
      "title": "余额",
      "name": "My money",
      "type": "DOUBLE",
      "component": "InputNumber",
      "defaultVal": 1.99,
      "require": false,
      "orderNo": 1,
      "rules": []
    },
    {
      "title": "是否已婚",
      "name": "is-marry",
      "type": "BOOLEAN",
      "component": "Input",
      "defaultVal": true,
      "require": true,
      "orderNo": -1,
      "rules": []
    },
    {
      "title": "生日",
      "name": "birthday",
      "type": "DATE",
      "component": "DatePicker",
      "defaultVal": "2021-09-12T21:37:47",
      "require": true,
      "orderNo": 0,
      "rules": []
    },
    {
      "title": "性别",
      "name": "sex",
      "type": "ENUM",
      "component": "RadioGroup",
      "defaultVal": "Man",
      "enumVal": [
        {
          "title": "男",
          "name": "Man"
        },
        {
          "title": "女",
          "name": "Woman"
        }
      ],
      "require": true,
      "orderNo": 0,
      "rules": []
    }
  ],
  "generateConfig": {
    "entity": true,
    "mapper": true,
    "mapperXml": true,
    "service": true,
    "controller": true
  }
}